Membrane potential (mV),Stimulus,Total Current Input (a.u.)
-67.8,0,21.8
-70.29,0,19.68
-73.61,0,11.96
-79.41,0,1
-85.69,0,2
-87.17,0,2
-87.38,0,2
-87.29,0,2
-87.14,0,2
-86.98,0,2
-86.81,0,2
-86.65,0,2
-86.49,0,2
-86.32,0,2
-86.16,0,2
-86,0,2
-85.84,0,2
-85.69,0,2
-85.53,0,2
-85.37,0,1
-85.35,0,2
-85.1,0,2
-84.92,0,2
-84.76,0,2
-84.61,0,2
-84.46,0,2
-84.51,0,2
-84.22,0,2
-84.03,0,2
-83.88,0,2
-83.73,0,2
-83.58,0,2
-83.44,0,2
-83.3,0,2
-83.16,0,2
-83.02,0,2
-82.88,0,2
-82.74,0,2
-82.6,0,2
-82.46,0,2
-82.33,0,2
-82.19,0,2
-82.06,0,2
-81.93,0,2
-81.79,0,2
-81.66,0,1
-81.67,0,2
-81.45,0,2
-81.29,0,2
-81.15,0,2
-81.02,0,2
-80.89,0,2
-80.77,0,2
-80.64,0,2
-80.52,0,2
-80.4,0,2
-80.28,0,2
-80.16,0,2
-80.04,0,2
-79.92,0,2
-79.8,0,2
-79.68,0,2
-79.56,0,2
-79.45,0,2
-79.33,0,2
-79.22,0,2
-79.1,0,2
-78.99,0,2
-78.88,0,2
-78.77,0,2
-78.66,0,2
-78.55,0,2
-78.44,0,2
-78.33,0,2
-78.22,0,2
-78.32,0,2
-78.09,0,2
-77.94,0,2
-77.81,0,2
-77.7,0,2
-77.6,0,2
-77.49,0,2
-77.39,0,2
-77.29,0,2
-77.19,0,2
-77.09,0,2
-76.99,0,2
-76.89,0,2
-76.99,0,2
-76.79,0,2
-76.64,0,2
-76.53,0,2
-76.42,0,2
-66.33,1,139.64
24.91,1,157.99
-6.51,1,87.66
-41.84,1,36.66
-9.49,1,28.17
-64.92,1,27.14
-64.84,1,27.02
-64.68,1,27
-64.39,1,26
-64.15,1,27
-63.58,1,27
-62.88,1,27
-62.04,1,27
-61.02,1,27
-59.79,1,27
-58.24,1,27
-56.21,1,27
-53.39,1,27
-49.04,1,27
-41.21,1,27
-22.5,1,27
-65,1,27
-66.28,1,27
-67.18,1,27
-67.72,1,27
-67.97,1,27
-67.99,1,27
-67.84,1,27
-67.55,1,27
-67.17,1,27
-66.87,1,27
-66.3,1,27.01
-65.67,1,27
-64.97,1,27
-64.2,1,27
-63.34,1,26.99
-62.37,1,27
-61.23,1,27.01
-59.87,1,27
-58.2,1,27
-56.27,1,27
-53.33,1,26.99
-48.81,1,27
-40.61,1,27
-20.6,1,27.02
-65,1,27
-66.36,1,27
-67.15,1,27
-67.61,1,26.99
-67.8,1,27
-67.77,1,27
-67.58,1,27
-67.27,1,27
-66.86,1,27
-66.37,1,27
-65.8,1,27
-65.17,1,27
-64.45,1,27
-63.65,1,27
-62.73,1,27
-61.68,1,27
-60.44,1,27
-58.92,1,27
-57,1,27
-54.39,1,27
-50.8,1,27
-44.45,1,27.02
-30.92,1,27
15.4,1,27
-65.84,1,27
-66.79,1,26.99
-67.39,1,27
-67.69,1,27
-67.75,1,27
-67.63,1,27
-67.37,1,27
-67.2,1,27
-66.71,1,27
-66.14,1,27
-65.52,1,27
-64.82,1,27
-64.04,1,27
-63.17,1,27
-62.17,1,27
-61.21,1,27
-59.83,1,27
-58.14,1,27
-55.93,1,27
-52.83,1,27
-47.98,1,27.01
-38.9,1,27
-15.35,1,27
-65.43,1,27
-66.48,0,24.49
-68.44,0,20.55
-71.39,0,17.95
-75.22,0,7.79
-82.3,0,2
-86.44,0,2
-87.35,0,2
-87.41,0,2
-87.3,0,2
-87.14,0,2
-86.98,0,2
-86.81,0,2
-86.65,0,2
-86.49,0,2
-86.32,0,2
-86.16,0,2
-86,0,2
-85.84,0,2
-85.76,0,2
-85.55,0,2
-85.38,0,2
-85.22,0,1
-85.19,0,2
-84.95,0,2
-84.77,0,2
-84.61,0,1
-84.59,0,2
-84.35,0,2
-84.17,0,2
-84.02,0,2
-83.87,0,2
-83.73,0,2
-83.58,0,2
-83.44,0,2
-83.3,0,2
-83.15,0,2
-83.01,0,2
-82.87,0,2
-82.74,0,2
-82.6,0,2
-82.46,0,2
-82.53,0,2
-82.26,0,2
-82.08,0,2
-81.93,0,2
-81.8,0,2
-81.66,0,2
-81.53,0,2
-81.4,0,2
-81.27,0,2
-81.15,0,2
-81.02,0,2
-80.89,0,2
-80.77,0,2
-80.64,0,2
-80.52,0,2
-80.4,0,2
-80.28,0,2
-80.15,0,2
-80.03,0,2
-79.92,0,2
-79.8,0,2
-79.68,0,2
-79.56,0,2
-79.45,0,2
-79.33,0,2
-79.22,0,2
-79.1,0,2
-78.99,0,2
-78.88,0,2
-78.88,0,2
-78.7,0,2
-78.56,0,2
-78.44,0,2
-78.33,0,2
-78.22,0,2
-78.11,0,2
-78.01,0,2
-77.9,0,2
-77.8,0,2
-77.69,0,2
-77.59,0,2
-77.49,0,2
-77.39,0,2
-77.29,0,2
-77.19,0,2
-77.09,0,2
-76.99,0,2
-76.89,0,2
-76.79,0,2
-76.7,0,2
-76.6,0,2
-76.51,0,2
-76.53,1,2
-66.18,1,139.76
25.32,1,159.11
-6.17,1,87.71
-41.83,1,36.67
-9.43,1,28.17
-64.92,1,27.14
-64.84,1,27.02
-64.69,1,27.18
-64.27,1,27.02
-63.84,1,27
-63.29,1,27
-62.67,1,26.91
-61.89,1,26.99
-60.88,1,27
-59.63,1,27
-58.06,1,27
-56,1,27
-53.09,1,27
-48.58,1,27
-40.3,1,26
-20.18,1,27.01
-65,1,27
-66.3,1,27
-67.21,1,26
-67.96,1,26.99
-68.17,1,27
-68.16,1,27
-67.98,1,27
-67.68,1,27
-67.29,1,27
-66.81,1,27
-66.27,1,27
-65.66,1,27
-64.98,1,27
-64.23,1,27
-63.38,1,27
-62.41,1,27
-61.3,1,27
-59.97,1,27
-58.33,1,27
-56.21,1,27.01
-53.26,1,27
-48.7,1,27
-40.41,1,27
-20.04,1,26.99
-65,1,27
-66.2,1,27
-67.04,1,27
-67.54,1,27
-67.75,1,27
-67.75,1,27
-67.58,1,27
-67.29,1,27
-66.89,1,27.01
-66.4,1,27
-65.85,1,27
-65.22,1,27
-64.52,1,26.99
-63.73,1,27
-62.83,1,27
-61.79,1,27
-60.57,1,27
-59.09,1,27
-57.21,1,27
-54.7,1,27
-51,1,27
-44.82,1,27
-31.86,1,27
11.16,1,27
-65.84,1,27
-66.79,1,27
-67.59,1,27
-67.85,1,27
-67.87,1,27
-67.73,1,27
-67.45,1,27
-67.06,1,27
-66.6,1,27
-66.06,1,27
-65.44,1,27
-64.76,1,27
-63.99,1,27
-63.12,1,27
-62.13,1,27
-60.97,1,27
-59.57,1,27
-57.84,1,27
-55.55,1,27
-52.3,1,27
-47.1,1,27
-37.07,1,27
-9.29,1,27
-65.44,1,27
-66.52,0,23.01
-69.43,0,19.09
-72.8,0,15.64
-77.27,0,2
-84.42,0,1
-87.13,0,2
-87.51,0,2
-87.46,0,2
-87.32,0,2
-87.16,0,2
-86.99,0,2
-86.83,0,2
-86.66,0,2
-86.57,0,2
-86.35,0,2
-86.18,0,2
-86.02,0,2
-85.86,0,2
-85.7,0,2
-85.54,0,2
-85.59,0,2
-85.28,0,2
-85.09,0,2
-84.93,0,2
-84.77,0,2
-84.7,0,2
-84.49,0,2
-84.33,0,2
-84.18,0,2
-84.03,0,2
-83.88,0,2
-83.74,0,2
-83.59,0,2
-83.45,0,2
-83.31,0,2
-83.17,0,2
-83.03,0,2
-82.89,0,2
-82.75,0,2
-82.61,0,2
-82.57,0,2
-82.37,0,2
-82.21,0,2
-82.07,0,2
-81.94,0,2
-81.8,0,2
-81.77,0,2
-81.57,0,2
-81.42,0,2
-81.29,0,2
-81.16,0,2
-81.03,0,2
-80.9,0,2
-80.78,0,2
-80.65,0,2
-80.53,0,2
-80.41,0,2
-80.29,0,2
-80.16,0,2
-80.04,0,2
-79.92,0,2
-79.81,0,2
-79.69,0,2
-79.57,0,2
-79.46,0,2
-79.45,0,2
-79.27,0,2
-79.13,0,2
-79,0,2
-78.89,0,2
-78.78,0,2
-78.66,0,2
-78.55,0,2
-78.45,0,2
-78.34,0,2
-78.23,0,2
-78.12,0,2
-78.02,0,2
-78.11,0,2
-77.89,0,2
-77.74,0,1
-77.77,0,2
-77.57,0,2
-77.43,0,2
-77.31,0,2
-77.2,0,2
-77.3,0,2
-77.2,0,2
-76.99,0,2
-76.84,0,2
-76.72,0,1
-76.77,0,2
-76.59,0,2
-76.45,1,51.75
-39.57,1,159.28
-35.04,1,135.93
-47.08,1,65.76
6.2,1,31.69
-63.71,1,27.57
-63.41,1,27.07
-63.3,1,27.01
-63.08,1,27
-62.7,1,27
-62.16,1,27
-61.46,1,27
-60.56,1,27
-59.42,1,27
-57.96,1,27
-56.02,1,27
-53.28,1,27
-49.04,1,26
-41.64,1,27
-23.91,1,27
-65,1,27
-66.4,1,27
-67.39,1,27
-67.99,1,27
-68.28,1,26
-68.51,1,27
-68.33,1,27
-68.03,1,27
-67.64,1,27
-67.17,1,27
-66.64,1,27
-66.05,1,27
-65.4,1,27
-64.67,1,27.01
-63.86,1,27
-62.96,1,27
-61.92,1,26.98
-60.72,1,27
-59.26,1,27
-57.43,1,27
-54.98,1,27
-51.43,1,27
-45.57,1,27
-33.62,1,27
3.7,1,26.01
-66.02,1,27
-66.92,1,27
-67.48,1,27.01
-67.74,1,26.99
-67.78,1,27
-67.64,1,25.98
-67.56,1,27
-67.34,1,27
-66.81,1,27
-66.21,1,27
-65.56,1,27
-64.85,1,27
-64.06,1,27
-63.17,1,27
-62.16,1,27
-60.99,1,27
-59.58,1,27
-58.05,1,27
-55.81,1,27
-52.66,1,27
-47.68,1,27
-38.27,1,27.01
-13.29,1,27
-65.43,1,27
-66.48,1,27
-67.18,1,26.99
-67.56,1,27
-67.68,1,27
-67.61,1,27
-67.39,1,27
-67.05,1,27
-66.62,1,27
-66.1,1,27
-65.51,1,27.02
-64.84,1,27
-64.09,1,27
-63.25,1,27
-62.28,1,26.99
-61.16,1,27
-59.82,1,27
-58.15,1,27
-55.98,1,27
-52.94,1,27.01
-48.18,1,27
-39.36,1,26
-17.15,1,26.98
-65.44,1,27
-66.51,1,27
-67.22,1,27
-68.11,0,21.8
-70.99,0,17.27
-74.34,0,12.5
-79.4,0,2
-85.45,0,2
-87.02,0,2
-87.25,0,2
-87.16,0,2
-87.02,0,2
-86.86,0,2
-86.69,0,2
-86.53,0,2
-86.44,0,2
-86.22,0,2
-86.05,0,2
-85.97,0,2
-85.75,0,2
-85.58,0,2
-85.42,0,2
-85.26,0,2
-85.11,0,2
-84.95,0,2
-84.8,0,2
-84.65,0,2
-84.5,0,2
-84.35,0,2
-84.2,0,2
-84.06,0,2
-83.91,0,2
-83.76,0,2
-83.62,0,2
-83.48,0,2
-83.33,0,2
-83.19,0,2
-83.05,0,2
-82.91,0,2
-82.77,0,2
-82.64,0,2
-82.5,0,2
-82.36,0,2
-82.23,0,2
-82.1,0,2
-81.96,0,2
-81.83,0,2
-81.7,0,2
-81.66,0,2
-81.47,0,2
-81.32,0,2
-81.18,0,2
-81.15,0,2
-80.96,0,2
-80.81,0,2
-80.68,0,2
-80.56,0,2
-80.43,0,2
-80.31,0,2
-80.19,0,2
-80.07,0,2
-80.05,0,2
-79.97,0,2
-79.76,0,2
-79.61,0,2
-79.48,0,2
-79.36,0,1
-79.39,0,2
-79.19,0,1
-79.19,0,2
-78.97,0,2
-78.82,0,2
-78.7,0,2
-78.58,0,2
-78.47,0,2
-78.36,0,2
-78.25,0,2
-78.14,0,2
-78.04,0,2
-77.93,0,2
-77.83,0,2
-77.72,0,2
-77.82,0,2
-77.6,0,2
-77.45,0,2
-77.33,0,2
-77.34,0,2
-77.17,0,2
-77.04,0,1
-77.08,0,2
-76.89,0,2
-76.76,0,2
-76.64,0,2
-76.54,0,2
-76.44,0,2
-76.34,0,2
-66.01,1,94.16
4.58,1,157.8
-4.32,1,107.1
-33.66,1,44.33
-65,1,29.21
-63.53,1,27.27
-63.33,1,27.03
-63.13,1,27
-62.99,1,27
-62.49,1,27
-61.83,1,27
-60.99,1,27
-59.94,1,27
-58.6,1,27
-56.85,1,27
-54.45,1,27
-50.89,1,27
-44.88,1,27
-32.65,1,27
7.35,1,27
-65.96,1,27
-67.07,1,27
-67.79,1,27
-68.17,1,27
-68.28,1,27
-68.2,1,27
-67.97,1,27
-67.63,1,27
-67.21,1,27
-66.71,1,27
-66.14,1,27
-65.51,1,27
-64.81,1,27
-64.04,1,27
-63.16,1,27
-62.16,1,27
-61.2,1,27
-59.83,1,27
-58.13,1,27
-55.92,1,27
-52.81,1,27
-47.95,1,27
-38.84,1,27
-15.15,1,27.01
-65.43,1,27
-66.48,1,27
-67.34,1,27
-67.69,1,26.99
-67.78,1,27.01
-67.68,1,27
-67.44,1,27
-67.09,1,26.98
-66.66,1,27
-66.14,1,27
-65.54,1,27
-64.87,1,27
-64.12,1,27
-63.28,1,27
-62.31,1,27
-61.18,1,27
-59.84,1,27
-58.18,1,27
-56.01,1,27.01
-52.97,1,27
-48.24,1,27
-39.47,1,27
-17.17,1,26.01
-65.44,1,27
-66.5,1,27
-67.21,1,27
-67.61,1,26.99
-67.74,1,27
-67.84,1,27
-67.59,1,27.01
-67.21,1,27
-66.76,1,27
-66.24,1,26
-65.84,1,26.99
-65.15,1,27
-64.39,1,27
-63.54,1,27.02
-62.57,1,27
-61.47,1,27
-60.16,1,27
-58.56,1,26.99
-56.51,1,27
-53.69,1,27
-49.4,1,27
-41.78,1,27
-23.94,1,27
-65,1,27
-66.18,1,27
-67,1,27
-67.49,0,24.5
-68.95,0,20.55
-72.17,0,14.93
-76.03,0,8.15
-82.29,0,2
-86.24,0,2
-87.11,0,2
-87.18,0,2
-87.06,0,2
-86.98,0,2
-86.76,0,2
-86.59,0,1
-86.55,0,2
-86.29,0,2
-86.11,0,2
-85.94,0,2
-85.78,0,2
-85.63,0,2
-85.47,0,2
-85.31,0,2
-85.16,0,2
-85.01,0,2
-84.85,0,2
-84.78,0,2
-84.57,0,2
-84.41,0,2
-84.25,0,2
-84.11,0,2
-83.96,0,2
-83.9,0,2
-83.69,0,2
-83.53,0,2
-83.38,0,2
-83.24,0,2
-83.1,0,2
-82.96,0,2
-82.82,0,2
-82.68,0,2
-82.55,0,2
-82.41,0,2
-82.27,0,2
-82.14,0,2
-82.01,0,2
-81.87,0,2
-81.74,0,2
-81.61,0,2
-81.48,0,2
-81.35,0,2
-81.22,0,2
-81.1,0,2
-80.97,0,2
-80.84,0,2
-80.72,0,2
-80.6,0,2
-80.47,0,2
-80.35,0,2
-80.23,0,2
-80.11,0,2
-79.99,0,2
-79.87,0,2
-79.75,0,2
-79.63,0,2
-79.52,0,2
-79.4,0,2
-79.29,0,2
-79.17,0,2
-79.06,0,2
-78.95,0,2
-78.83,0,2
-78.72,0,2
-78.61,0,2
-78.5,0,2
-78.4,0,2
-78.29,0,2
-78.18,0,2
-78.07,0,2
-77.97,0,2
-77.86,0,2
-77.76,0,2
-77.66,0,2
-77.55,0,2
-77.45,0,2
-77.35,0,2
-77.25,0,2
-77.15,0,2
-77.05,0,2
-76.95,0,2
-76.85,0,2
-76.76,0,2
-76.66,0,2
-76.57,0,2
-76.47,0,2
-76.38,0,2
-76.28,1,53.34
-47.33,1,123.41
-65,1,142.57
-65,1,81.06
-21.03,1,35.68
-65,1,28.05
-64.34,1,27.13
-64.21,1,27.02
-63.99,1,27
-63.63,1,27
-63.13,1,27
-62.49,1,27
-61.69,1,27
-60.71,1,27
-59.49,1,27
-57.94,1,27
-55.89,1,27
-52.98,1,27
-48.45,1,27
-40.11,1,27
-19.36,1,27
-65,1,27
-66.35,1,27
-67.29,1,27
-67.87,1,27
-68.14,1,27
-68.18,1,27
-68.03,1,27
-67.76,1,27
-67.38,1,27
-66.93,1,27
-66.4,1,27
-65.81,1,27
-65.15,1,27
-64.41,1,26
-63.78,1,27
-62.84,1,27
-61.76,1,27
-60.5,1,26
-59.18,1,27
-57.29,1,27
-54.75,1,27
-51.05,1,27
-44.85,1,27
-31.87,1,27
11.15,1,27
-65.82,1,27
-66.74,1,27
-67.32,1,27
-67.6,1,27
-67.66,1,27
-67.53,1,27
-67.26,1,27
-66.89,1,27
-66.43,1,27
-65.89,1,27
-65.28,1,27
-64.58,1,27
-63.8,1,27
-62.92,1,27
-61.9,1,26
-61.11,1,27.01
-59.7,1,26
-58.17,1,27
-55.94,1,27
-52.83,1,26.99
-47.95,1,26.99
-38.83,1,27
-15.11,1,27
-65.42,1,27
-66.45,1,27.01
-67.13,1,27
-67.67,1,27
-67.75,1,27
-67.65,1,27
-67.4,1,26
-67.23,1,27
-66.74,1,27
-66.19,1,27
-65.57,1,27
-64.88,1,27
-64.11,1,27
-63.25,1,26
-62.46,1,27
-61.32,1,27.01
-59.97,1,27
-58.31,1,27
-56.15,1,26.98
-53.17,1,27
-48.55,1,27
-40.07,1,27
-18.98,1,27
-65,1,27.02
-66.18,1,27
-67.01,0,23.02
-69.85,0,19.1
-73.72,0,11.83
-78.46,0,2
-84.71,0,2
-87,0,2
-87.4,0,2
-87.43,0,2
-87.23,0,2
-87.06,0,2
-86.89,0,2
-86.72,0,2
-86.56,0,2
-86.4,0,2
-86.24,0,2
-86.28,0,2
-85.96,0,2
-85.77,0,2
-85.68,0,2
-85.46,0,2
-85.29,0,1
-85.26,0,2
-85.01,0,2
-84.84,0,2
-84.68,0,2
-84.53,0,2
-84.38,0,2
-84.23,0,2
-84.08,0,2
-83.94,0,2
-83.79,0,2
-83.65,0,2
-83.5,0,1
-83.49,0,2
-83.26,0,2
-83.09,0,2
-82.94,0,2
-82.8,0,2
-82.66,0,2
-82.52,0,2
-82.39,0,2
-82.25,0,2
-82.12,0,1
-82.12,0,2
-81.9,0,2
-81.74,0,2
-81.6,0,2
-81.46,0,2
-81.33,0,2
-81.2,0,2
-81.08,0,2
-80.95,0,2
-80.82,0,2
-80.7,0,2
-80.58,0,2
-80.45,0,2
-80.33,0,2
-80.21,0,2
-80.09,0,2
-79.97,0,2
-79.85,0,2
-79.73,0,2
-79.62,0,2
-79.5,0,2
-79.38,0,2
-79.27,0,2
-79.15,0,2
-79.04,0,2
-78.93,0,1
-78.96,0,2
-78.77,0,2
-78.62,0,2
-78.5,0,2
-78.38,0,2
-78.27,0,2
-78.16,0,2
-78.06,0,2
-77.95,0,2
-77.85,0,2
-77.86,0,2
-77.69,0,2
-77.56,0,2
-77.44,0,2
-77.34,0,2
-77.23,0,2
-77.13,0,2
-77.03,0,2
-77.05,0,2
-76.89,0,2
-76.76,0,2
-76.66,0,2
-76.55,0,2
-76.46,0,2
-76.36,1,102.41
-19.16,1,136.68
-39.56,1,119.5
-49.51,1,60.84
-7.19,1,31.09
-64.65,1,27.49
-64.4,1,27.06
-64.29,1,27.01
-64.07,1,27
-63.71,1,27
-63.2,1,27
-62.55,1,27
-61.75,1,27
-60.77,1,27
-59.55,1,27
-58.23,1,27
-56.24,1,27
-53.48,1,27
-49.23,1,27.01
-41.63,1,27
-23.72,1,27
-65,1,27
-66.32,1,26.99
-67.24,1,27
-67.79,1,27
-68.05,1,27
-68.08,1,27
-67.93,1,27
-67.65,1,27
-67.27,1,27
-66.8,1,27
-66.27,1,27
-65.67,1,27
-65,1,27
-64.25,1,27
-63.41,1,27
-62.45,1,27
-61.34,1,27
-60.02,1,27
-58.4,1,27
-56.31,1,27
-53.41,1,27
-48.95,1,27
-40.92,1,27
-21.5,1,27.01
-65,1,27
-66.2,1,27
-67.03,1,27
-67.53,1,26.99
-67.92,1,27
-67.87,1,27
-67.67,1,26
-67.54,1,27
-67.08,1,27
-66.56,1,27
-65.97,1,27
-65.32,1,27
-64.6,1,27.02
-63.78,1,27
-62.87,1,27
-61.83,1,27
-60.6,1,25.99
-59.34,1,27
-57.71,1,27
-55.34,1,27
-51.94,1,27
-46.44,1,27
-35.56,1,27
-3.83,1,26
-65.43,1,27
-66.49,1,27
-67.19,1,27
-67.58,1,27
-67.71,1,27
-67.64,1,27
-67.42,1,27
-67.08,1,27
-66.65,1,27
-66.14,1,27
-65.55,1,27
-64.89,1,27
-64.15,1,27
-63.31,1,27
-62.35,1,27
-61.24,1,27
-60.11,1,27
-58.49,1,27
-56.42,1,27
-53.55,1,27
-49.17,1,27.01
-41.33,1,27
-22.67,1,27
-65,1,27
-66.19,1,25.99
-67.7,0,21.8
-70.91,0,17.27
-75.36,0,7.69
-81.13,0,2
-86.15,0,2
-87.33,0,2
-87.46,0,2
-87.36,0,2
-87.2,0,2
-87.11,0,2
-86.89,0,2
-86.71,0,2
-86.55,0,2
-86.39,0,2
-86.22,0,2
-86.06,0,2
-85.9,0,2
-85.75,0,2
-85.59,0,2
-85.43,0,2
-85.28,0,2
-85.12,0,2
-84.97,0,2
-84.82,0,2
-84.67,0,2
-84.52,0,2
-84.37,0,2
-84.22,0,2
-84.07,0,2
-83.93,0,2
-83.78,0,2
-83.64,0,2
-83.49,0,2
-83.35,0,2
-83.21,0,2
-83.07,0,2
-82.93,0,2
-82.88,0,2
-82.88,0,2
-82.59,0,2
-82.4,0,2
-82.25,0,2
-82.11,0,2
-81.98,0,2
-81.84,0,2
-81.71,0,2
-81.58,0,2
-81.45,0,2
-81.32,0,2
-81.19,0,2
-81.07,0,2
-80.94,0,2
-80.82,0,2
-80.69,0,2
-80.57,0,2
-80.44,0,2
-80.32,0,2
-80.2,0,2
-80.08,0,2
-79.96,0,2
-79.84,0,2
-79.72,0,2
-79.61,0,2
-79.49,0,2
-79.48,0,2
-79.3,0,2
-79.16,0,2
-79.04,0,2
-78.92,0,2
-78.81,0,2
-78.7,0,2
-78.59,0,2
-78.48,0,2
-78.37,0,2
-78.37,0,2
-78.2,0,2
-78.07,0,2
-77.95,0,2
-77.84,0,2
-77.74,0,2
-77.63,0,2
-77.64,0,2
-77.48,0,2
-77.35,0,2
-77.23,0,2
-77.13,0,2
-77.03,0,2
-76.93,0,2
-76.83,0,2
-76.73,0,2
-76.64,0,2
-76.54,0,2
-76.45,0,2
-66.24,1,138.65
24.19,1,131.99
-16.33,1,92.15
-54.41,1,42.58
-33.71,1,27.88
8.24,1,27.23
-64.99,1,27.03
-65.11,1,27
-64.87,1,27.02
-64.5,1,27
-64,1,27
-63.39,1,27
-62.64,1,27
-61.74,1,27
-60.66,1,27
-59.55,1,27
-57.91,1,26.99
-55.75,1,27
-52.95,1,27
-48.28,1,27
-39.65,1,27
-17.82,1,27.01
-65,1,27
-66.27,1,27
-67.16,1,27
-67.71,1,26.99
-67.95,1,27
-67.97,1,27
-67.81,1,27
-67.53,1,27
-67.14,1,27
-66.67,1,27
-66.13,1,27
-65.52,1,27
-64.84,1,27
-64.07,1,27
-63.21,1,26
-62.43,1,27
-61.29,1,27
-59.94,1,27
-58.27,1,27
-56.11,1,27
-53.36,1,27
-48.84,1,27
-40.66,1,27
-20.71,1,27
-65,1,27
-66.18,1,27
-67,1,27
-67.48,1,27
-67.69,1,27
-67.68,1,27
-67.51,1,27
-67.21,1,27
-66.8,1,27
-66.32,1,27
-65.76,1,27
-65.12,1,27
-64.41,1,27
-63.6,1,27
-62.68,1,27
-61.63,1,27
-60.38,1,27
-58.85,1,27
-56.91,1,27
-54.27,1,27
-50.35,1,27
-43.61,1,27
-28.85,1,27
25.43,1,27
-65.85,1,27
-66.82,1,27
-67.43,1,27
-67.73,1,27
-67.8,1,27
-67.69,1,27
-67.43,1,27
-67.07,1,27
-66.62,1,26
-66.27,1,27
-65.64,1,27
-64.94,1,27
-64.17,1,27
-63.3,1,27
-62.32,1,27
-61.18,1,27
-59.82,1,27
-58.14,1,27
-55.95,1,27
-52.87,1,27
-48.07,1,27
-39.1,1,27
-16.01,1,27.01
-65.43,0,24.5
-67.76,0,20.56
-71.75,0,14.91
-77.19,0,2
-84.53,0,2
-87.15,0,2
-87.62,0,2
-87.59,0,2
-87.45,0,2
-87.29,0,2
-87.12,0,2
-86.96,0,2
-86.79,0,2
-86.63,0,2
-86.46,0,2
-86.3,0,2
-86.14,0,2
-85.98,0,2
-85.82,0,2
-85.67,0,2
-85.51,0,2
-85.55,0,2
-85.25,0,2
-85.06,0,1
-85.02,0,2
-84.78,0,2
-84.6,0,2
-84.44,0,2
-84.29,0,2
-84.23,0,2
-84.02,0,2
-83.86,0,2
-83.71,0,2
-83.56,0,2
-83.42,0,2
-83.28,0,2
-83.14,0,2
-83,0,2
-82.86,0,2
-82.72,0,2
-82.58,0,2
-82.54,0,2
-82.43,0,2
-82.21,0,2
-82.05,0,2
-81.91,0,2
-81.78,0,2
-81.65,0,2
-81.51,0,2
-81.39,0,2
-81.26,0,2
-81.13,0,2
-81,0,2
-80.88,0,1
-80.89,0,2
-80.68,0,2
-80.52,0,2
-80.39,0,2
-80.26,0,2
-80.14,0,2
-80.02,0,2
-79.9,0,2
-79.78,0,2
-79.66,0,2
-79.55,0,2
-79.43,0,2
-79.32,0,2
-79.2,0,2
-79.09,0,2
-78.98,0,2
-78.86,0,2
-78.75,0,2
-78.64,0,2
-78.53,0,2
-78.42,0,2
-78.31,0,2
-78.21,0,2
-78.1,0,2
-77.99,0,2
-77.89,0,2
-77.79,0,2
-77.68,0,2
-77.58,0,2
-77.48,0,2
-77.38,0,2
-77.27,0,1
-77.33,0,2
-77.34,0,2
-77.1,0,2
-76.93,0,2
-76.81,0,2
-76.7,0,2
-76.59,0,2
-76.5,1,52.89
-47.83,1,162.59
-65,1,118.86
29.63,1,71.52
-47.58,1,34.27
-28.4,1,27.88
-65,1,27.11
-65.04,1,27.01
-64.96,1,27
-64.74,1,27
-64.38,1,27
-63.89,1,27
-63.46,1,27
-62.71,1,27
-61.8,1,27
-60.71,1,27.01
-59.38,1,27
-57.9,1,27
-55.73,1,26.98
-52.66,1,27
-48.09,1,27
-39.24,1,27
-16.56,1,27
-65.46,1,27
-66.58,1,27
-67.32,1,27
-67.74,1,27
-67.89,1,27
-68.04,1,27
-67.79,1,27
-67.43,1,27
-66.98,1,27
-66.47,1,27
-65.88,1,27
-65.23,1,27.02
-64.5,1,27
-63.68,1,27
-62.77,1,27
-61.71,1,27.01
-60.47,1,27
-58.96,1,27
-57.04,1,27
-54.44,1,26.99
-50.61,1,27
-44.11,1,27
-30.08,1,27
19.33,1,27
-65.84,1,27
-66.8,1,27
-67.57,1,27
-67.83,1,27
-67.87,1,27
-67.72,1,27
-67.45,1,27
-67.07,1,27
-66.6,1,27
-66.06,1,27
-65.45,1,27
-64.77,1,27
-64,1,27
-63.13,1,27
-62.14,1,27
-60.99,1,27
-59.6,1,27
-57.87,1,27
-55.6,1,27
-52.37,1,27
-47.22,1,27
-37.32,1,27
-10.18,1,27
-65.44,1,27
-66.51,1,27
-67.23,1,26
-67.8,1,27
-67.9,1,27
-67.8,1,27
-67.56,1,27
-67.21,1,27
-66.77,1,27
-66.25,1,27
-65.66,1,27
-65,1,27
-64.26,1,27
-63.42,1,27
-62.47,1,27
-61.38,1,27
-60.07,1,27
-58.46,1,27
-56.39,1,27
-53.53,1,27
-49.36,1,27
-41.72,1,27
-23.79,1,26.02
-65,1,27
-66.19,0,24.5
-68.27,0,20.56
-72.02,0,14.92
-77.24,0,2
-84.47,0,2
-87.06,0,2
-87.53,0,2
-87.57,0,2
-87.38,0,2
-87.2,0,2
-87.04,0,2
-86.87,0,2
-86.7,0,2
-86.54,0,2
-86.38,0,2
-86.22,0,2
-86.06,0,2
-85.9,0,2
-85.74,0,2
-85.58,0,2
-85.51,0,2
-85.29,0,2
-85.12,0,2
-84.97,0,2
-85.01,0,2
-84.71,0,2
-84.53,0,2
-84.37,0,2
-84.21,0,2
-84.15,0,2
-83.94,0,2
-83.78,0,2
-83.63,0,2
-83.49,0,2
-83.34,0,2
-83.2,0,2
-83.06,0,2
-82.92,0,2
-82.78,0,2
-82.65,0,2
-82.51,0,2
-82.37,0,2
-82.24,0,2
-82.1,0,2
-81.97,0,2
-81.84,0,2
-81.71,0,2
-81.58,0,2
-81.45,0,2
-81.32,0,2
-81.19,0,2
-81.06,0,2
-80.94,0,2
-81.01,0,2
-80.76,0,2
-80.79,0,2
-80.52,0,2
-80.35,0,2
-80.21,0,2
-80.08,0,2
-79.96,0,2
-79.84,0,2
-79.72,0,2
-79.6,0,2
-79.49,0,2
-79.37,0,2
-79.26,0,2
-79.14,0,2
-79.03,0,2
-78.92,0,2
-78.8,0,2
-78.69,0,2
-78.58,0,2
-78.47,0,2
-78.37,0,2
-78.26,0,2
-78.15,0,2
-78.04,0,2
-77.94,0,2
-77.83,0,2
-77.73,0,2
-77.63,0,2
-77.52,0,2
-77.42,0,2
-77.32,0,1
-77.37,0,2
-77.19,0,2
-77.05,0,2
-76.94,0,2
-76.83,0,2
-76.73,0,2
-76.64,0,2
-76.54,0,2
-76.44,1,101.17
-20.1,1,168.46
-36.33,1,98.94
-52.56,1,54.67
-21.75,1,30.35
-65,1,27.4
-64.86,1,27.05
-64.8,1,27.01
-64.61,1,27
-64.28,1,27
-63.81,1,27
-63.22,1,27
-62.49,1,27
-61.61,1,26
-60.73,1,27
-59.43,1,27
-57.78,1,27
-55.59,1,27
-52.47,1,27
-47.52,1,27
-38.09,1,27
-12.91,1,27
-65.47,1,27.01
-66.61,1,27
-67.38,1,27
-67.81,1,27
-67.98,1,26.99
-67.94,1,27
-67.74,1,27
-67.42,1,27
-67,1,27
-66.68,1,27
-66.09,1,27
-65.43,1,27
-64.91,1,27
-64.09,1,27
-63.17,1,27
-62.34,1,27
-61.15,1,27
-59.73,1,27
-57.98,1,27
-55.69,1,27
-52.46,1,27
-47.33,1,27
-37.5,1,27
-11.21,1,27
-65.43,1,27
-66.64,1,27
-67.29,1,27
-67.63,1,27
-67.73,1,27
-67.63,1,27
-67.39,1,27
-67.04,1,27
-66.6,1,27
-66.08,1,27
-65.48,1,27
-64.81,1,26
-64.25,1,27
-63.38,1,27
-62.4,1,27
-61.26,1,27
-59.91,1,27
-58.25,1,27
-56.09,1,27
-53.08,1,27
-48.41,1,26
-40.06,1,27.01
-18.93,1,27
-65,1,27
-66.2,1,27
-67.03,1,26.99
-67.53,1,27
-67.74,1,27.02
-67.73,1,27
-67.56,1,27
-67.26,1,27
-66.87,1,26.99
-66.39,1,27
-65.84,1,27
-65.2,1,27
-64.5,1,27
-63.7,1,27
-62.99,1,27
-61.95,1,27
-60.73,1,27
-59.26,1,27
-57.42,1,27.01
-54.95,1,27
-51.37,1,26
-45.71,1,27
-33.92,1,26.99
2.5,1,27
-65.82,1,27.01
-67.24,0,23.57
-69.56,0,19.19
-73.51,0,11.89
-79.51,0,2
-85.69,0,2
-87.26,0,2
-87.48,0,2
-87.39,0,2
-87.25,0,2
-87.08,0,2
-86.92,0,2
-86.75,0,2
-86.59,0,2
-86.43,0,2
-86.46,0,2
-86.15,0,2
-85.96,0,2
-85.79,0,2
-85.63,0,2
-85.47,0,2
-85.32,0,2
-85.16,0,2
-85.01,0,1
-85.18,0,2
-84.79,0,2
-84.58,0,2
-84.41,0,2
-84.34,0,2
-84.13,0,2
-84.17,0,2
-83.88,0,2
-83.69,0,2
-83.53,0,2
-83.39,0,2
-83.44,0,2
-83.16,0,2
-82.98,0,2
-82.83,0,2
-82.69,0,2
-82.55,0,2
-82.41,0,2
-82.28,0,2
-82.14,0,2
-82.01,0,2
-81.88,0,2
-81.74,0,2
-81.61,0,2
-81.48,0,2
-81.35,0,2
-81.23,0,2
-81.1,0,2
-80.97,0,2
-80.85,0,2
-80.72,0,2
-80.6,0,2
-80.48,0,2
-80.35,0,2
-80.23,0,2
-80.11,0,2
-79.99,0,2
-79.87,0,2
-79.75,0,2
-79.64,0,2
-79.52,0,2
-79.4,0,2
-79.29,0,2
-79.17,0,1
-79.21,0,2
-79.01,0,1
-79.01,0,2
-78.79,0,2
-78.64,0,2
-78.52,0,2
-78.4,0,2
-78.4,0,2
-78.23,0,2
-78.09,0,2
-77.98,0,2
-77.87,0,2
-77.76,0,2
-77.66,0,2
-77.55,0,2
-77.45,0,2
-77.35,0,2
-77.25,0,2
-77.15,0,2
-77.05,0,2
-76.95,0,2
-76.85,0,1
-76.91,0,2
-76.73,0,2
-76.6,0,2
-76.49,0,2
-66.2,1,139.51
24.58,1,158.86
-6.51,1,78.09
-44.51,1,39.56
-13.7,1,28.52
-65.1,1,27.18
-64.98,1,27.02
-64.82,1,27
-64.53,1,27
-64.1,1,27
-63.55,1,27.01
-62.85,1,27
-62.03,1,27
-61.03,1,27
-59.81,1,26.99
-58.29,1,27
-56.29,1,27
-53.51,1,27
-49.26,1,27
-41.65,1,27
-23.76,1,27
-65,1,27
-66.29,1,27
-67.19,1,27
-67.73,1,27.01
-67.98,1,27
-67.99,1,27.01
-67.84,1,26.98
-67.57,1,27
-67.18,1,26.98
-66.73,1,27
-66.19,1,27
-65.76,1,27
-65.05,1,27
-64.28,1,27
-63.42,1,27
-62.44,1,27
-61.31,1,27
-59.97,1,27
-58.32,1,27
-56.18,1,27
-53.21,1,27
-48.62,1,27
-40.23,1,27
-19.47,1,27
-65,1,27.01
-66.19,1,27
-67.02,1,27
-67.52,1,26.98
-67.74,1,27.01
-67.73,1,27
-67.56,1,27
-67.26,1,27
-66.87,1,26.99
-66.39,1,27
-65.83,1,27
-65.2,1,27
-64.49,1,27
-63.7,1,27
-62.79,1,27
-61.75,1,27
-60.52,1,27
-59.03,1,27.01
-57.12,1,27.01
-54.56,1,27
-50.8,1,27
-44.45,1,26.99
-30.97,1,26.99
15.16,1,27
-65.84,1,27
-66.8,1,27
-67.4,1,26
-67.89,1,27
-67.91,1,27
-67.76,1,27
-67.47,1,27.01
-67.08,1,27
-66.62,1,27
-66.08,1,27
-65.67,1,26.99
-64.96,1,27
-64.36,1,27
-63.47,1,27
-62.47,1,27
-61.32,1,27
-59.97,1,27
-58.29,1,27
-56.13,1,27.01
-53.11,1,27
-48.43,1,27
-39.82,1,27
-18.21,1,26.99
-65,1,27
-66.19,0,24.5
-68.27,0,22.64
-70.83,0,17.43
-75.23,0,7.71
-82.4,0,1
-86.64,0,2
-87.44,0,2
-87.49,0,2
-87.36,0,2
-87.2,0,2
-87.04,0,2
-86.87,0,2
-86.71,0,2
-86.55,0,2
-86.38,0,2
-86.22,0,2
-86.06,0,2
-85.9,0,2
-85.75,0,2
-85.59,0,2
-85.43,0,2
-85.28,0,2
-85.12,0,2
-84.97,0,2
-84.82,0,2
-84.67,0,2
-84.52,0,2
-84.37,0,2
-84.22,0,2
-84.07,0,2
-83.93,0,2
-83.78,0,2
-83.64,0,2
-83.49,0,2
-83.35,0,2
-83.21,0,2
-83.07,0,2
-82.93,0,2
-82.79,0,2
-82.65,0,2
-82.51,0,2
-82.38,0,2
-82.24,0,2
-82.11,0,2
-81.98,0,2
-81.84,0,2
-81.71,0,2
-81.58,0,2
-81.45,0,2
-81.32,0,2
-81.2,0,2
-81.07,0,2
-80.94,0,2
-80.82,0,2
-80.69,0,2
-80.57,0,2
-80.44,0,2
-80.32,0,2
-80.2,0,2
-80.08,0,2
-79.96,0,2
-79.84,0,2
-79.72,0,2
-79.61,0,2
-79.49,0,2
-79.38,0,2
-79.26,0,1
-79.29,0,2
-79.09,0,2
-78.94,0,2
-78.82,0,2
-78.7,0,2
-78.59,0,2
-78.48,0,2
-78.37,0,2
-78.26,0,2
-78.16,0,2
-78.05,0,2
-77.94,0,2
-77.84,0,2
-77.85,0,2
-77.68,0,2
-77.55,0,2
-77.44,0,2
-77.33,0,2
-77.23,0,2
-77.13,0,2
-77.03,0,2
-76.93,0,2
-76.83,0,2
-76.73,0,2
-76.64,0,2
-76.54,0,2
-76.45,1,52.92
-47.76,1,162.66
-65,1,137.39
-65,1,60.05
-34.55,1,32.57
10.42,1,27.67
-64.88,1,27.08
-64.82,1,27.01
-64.65,1,27
-64.33,1,27
-63.88,1,27
-63.3,1,27
-62.79,1,27
-61.92,1,27
-60.88,1,27
-59.61,1,27
-58,1,27
-55.9,1,27
-52.92,1,27
-48.28,1,27
-39.67,1,27
-17.93,1,27
-65,1,27
-66.3,1,27
-67.21,1,26
-67.94,1,27
-68.15,1,27
-68.14,1,27
-67.96,1,27
-67.66,1,27
-67.27,1,27
-66.79,1,27.01
-66.24,1,27
-65.63,1,27
-64.95,1,27
-64.2,1,26.99
-63.36,1,27
-62.39,1,27
-61.27,1,27
-59.93,1,27
-58.29,1,27
-56.15,1,27
-53.18,1,27
-48.58,1,27
-40.17,1,27
-19.29,1,27
-65,1,27
-66.39,1,27
-67.19,1,27
-67.66,1,27
-67.85,1,27
-67.83,1,27
-67.64,1,27
-67.33,1,27
-66.93,1,27
-66.44,1,27
-65.88,1,27
-65.25,1,27
-64.54,1,27
-63.75,1,26
-63.04,1,27
-62,1,27
-60.79,1,27
-59.34,1,27
-57.52,1,27
-55.09,1,27
-51.59,1,26
-46.09,1,27
-34.79,1,27
-0.91,1,26.01
-65.44,1,27
-66.51,1,27
-67.23,1,27
-67.63,1,26.99
-67.76,1,27
-67.87,1,27
-67.61,1,27.02
-67.24,1,27
-66.79,1,27.02
-66.26,1,27
-65.67,1,26.99
-65.02,1,27
-64.28,1,26.99
-63.45,1,27
-62.5,1,27
-61.4,1,27
-60.1,1,27
-58.5,1,27
-56.44,1,27
-53.6,1,27.01
-49.25,1,27
-41.51,1,27
-23.19,1,27
-65,1,26.99
-66.2,0,23.01
-69.23,0,21.57
-72.11,0,15.14
-77.19,0,2
-84.44,0,2
-87.06,0,2
-87.53,0,2
-87.5,0,2
-87.36,0,2
-87.2,0,2
-87.04,0,2
-86.87,0,2
-86.71,0,2
-86.54,0,2
-86.38,0,2
-86.22,0,2
-86.06,0,2
-85.9,0,2
-85.74,0,2
-85.59,0,2
-85.43,0,2
-85.27,0,2
-85.12,0,2
-84.97,0,2
-84.81,0,2
-84.66,0,2
-84.51,0,2
-84.36,0,2
-84.22,0,2
-84.07,0,2
-83.92,0,2
-83.78,0,2
-83.63,0,2
-83.49,0,2
-83.35,0,2
-83.21,0,2
-83.07,0,2
-83.02,0,2
-82.81,0,2
-82.66,0,2
-82.71,0,2
-82.44,0,2
-82.26,0,2
-82.11,0,2
-81.98,0,2
-81.84,0,2
-81.71,0,2
-81.58,0,2
-81.45,0,2
-81.32,0,2
-81.19,0,2
-81.06,0,2
-80.94,0,2
-80.81,0,2
-80.69,0,1
-80.71,0,2
-80.49,0,2
-80.34,0,2
-80.2,0,2
-80.08,0,2
-79.96,0,2
-79.84,0,2
-79.72,0,2
-79.6,0,2
-79.49,0,2
-79.37,0,2
-79.26,0,2
-79.14,0,2
-79.03,0,2
-78.92,0,2
-78.81,0,2
-78.9,0,2
-78.67,0,2
-78.51,0,2
-78.58,0,2
-78.35,0,2
-78.19,0,2
-78.06,0,2
-77.95,0,1
-77.99,0,2
-77.8,0,2
-77.66,0,2
-77.54,0,1
-77.58,0,2
-77.39,0,2
-77.25,0,2
-77.14,0,2
-77.03,0,2
-76.93,0,2
-76.83,0,2
-76.73,0,2
-76.63,0,2
-76.54,0,2
-76.44,1,101.27
-20.03,1,168.62
-36.3,1,112.87
-51.77,1,46.54
-23.77,1,29.36
-65,1,26.29
-65.12,1,27.03
-65.03,1,26
-64.99,1,27
-64.61,1,27
-64.11,1,27
-63.48,1,27
-62.73,1,27
-61.84,1,27
-60.76,1,27
-59.44,1,27
-57.78,1,27
-55.58,1,27
-52.44,1,27
-47.45,1,27
-37.92,1,27
-12.79,1,27
-65.46,1,27
-66.6,1,27
-67.36,1,27
-67.79,1,27
-67.95,1,27
-67.9,1,27
-67.7,1,27
-67.38,1,27
-66.96,1,27
-66.47,1,27
-65.9,1,27
-65.26,1,27
-64.55,1,27
-63.75,1,27
-62.85,1,27
-61.81,1,27
-60.59,1,27
-59.33,1,27.01
-57.69,1,27
-55.32,1,27
-51.92,1,27
-46.42,1,26.99
-35.52,1,27
-3.69,1,27
-65.43,1,27
-66.5,1,27
-67.2,1,27
-67.59,1,27
-67.72,1,27
-67.65,1,27
-67.43,1,27
-67.1,1,27
-66.67,1,27
-66.16,1,27
-65.57,1,27
-64.91,1,27
-64.17,1,27
-63.33,1,27
-62.38,1,27
-61.27,1,27
-59.94,1,27
-58.31,1,27
-56.19,1,27
-53.25,1,27.01
-48.69,1,27
-40.39,1,27
-19.97,1,27
-65,1,26.99
-66.21,1,27
-67.05,1,27.02
-67.55,1,27
-67.77,1,27
-67.77,1,27
-67.6,1,26.99
-67.31,1,27
-66.92,1,27.02
-66.43,1,27.01
-65.87,1,27
-65.24,1,27
-64.54,1,26.96
-63.76,1,27
-62.87,1,27
-61.84,1,27
-60.62,1,27
-59.16,1,27
-57.3,1,27
-54.81,1,27
-51.19,1,27
-45.15,1,27
-32.64,1,27
7.73,1,27
-65.84,1,27
-67.28,0,21.8
-70.67,0,20.22
-73.68,0,12.07
-79.52,0,2
-85.7,0,2
-87.27,0,2
-87.5,0,2
-87.41,0,2
-87.26,0,2
-87.1,0,2
-86.93,0,2
-86.77,0,1
-86.73,0,2
-86.47,0,2
-86.29,0,2
-86.12,0,2
-85.96,0,2
-85.8,0,2
-85.64,0,2
-85.49,0,2
-85.33,0,2
-85.18,0,2
-85.02,0,2
-84.87,0,2
-84.72,0,2
-84.57,0,2
-84.42,0,2
-84.27,0,2
-84.12,0,2
-83.98,0,2
-83.83,0,2
-83.69,0,2
-83.54,0,2
-83.4,0,2
-83.26,0,1
-83.25,0,2
-83.02,0,2
-82.85,0,2
-82.7,0,2
-82.56,0,2
-82.43,0,2
-82.29,0,2
-82.16,0,2
-82.02,0,2
-81.89,0,2
-81.76,0,2
-81.63,0,2
-81.5,0,2
-81.46,0,2
-81.37,0,2
-81.16,0,2
-81,0,2
-80.86,0,2
-80.74,0,2
-80.61,0,2
-80.59,0,2
-80.4,0,2
-80.26,0,2
-80.13,0,2
-80,0,2
-79.88,0,2
-79.76,0,2
-79.65,0,2
-79.53,0,2
-79.41,0,2
-79.3,0,2
-79.29,0,2
-79.11,0,2
-78.98,0,2
-78.85,0,2
-78.74,0,2
-78.63,0,2
-78.52,0,2
-78.41,0,2
-78.3,0,2
-78.19,0,2
-78.08,0,2
-77.98,0,2
-77.87,0,2
-77.77,0,2
-77.67,0,2
-77.56,0,2
-77.46,0,2
-77.36,0,2
-77.26,0,2
-77.16,0,2
-77.06,0,2
-76.96,0,2
-76.86,0,2
-76.77,0,2
-76.67,0,2
-76.58,0,2
-76.48,0,2
-76.39,1,101.36
-19.88,1,168.76
-36.27,1,112.94
-51.75,1,46.55
-23.65,1,28.36
-65,1,27.29
-64.89,1,27.04
-64.79,1,27
-64.56,1,26.98
-64.2,1,27
-63.7,1,27
-63.07,1,27
-62.3,1,27
-61.37,1,27
-60.23,1,27
-58.82,1,27
-57.01,1,27
-54.55,1,27
-50.91,1,27
-44.78,1,27
-32.27,1,27
9.15,1,27
-65.9,1,27
-66.93,1,27
-67.59,1,27.01
-67.93,1,27
-68.02,1,27
-67.92,1,26.98
-67.68,1,27
-67.33,1,27
-66.89,1,27
-66.38,1,27
-65.79,1,27.01
-65.13,1,27
-64.4,1,27
-63.58,1,26.98
-62.66,1,27
-61.59,1,27
-60.33,1,27
-58.79,1,27
-56.82,1,27
-54.33,1,27
-50.42,1,27
-43.74,1,27
-29.16,1,27
23.89,1,27
-65.84,1,27.02
-66.79,1,27
-67.39,1,27
-67.69,1,27
-67.76,1,26.99
-67.65,1,27
-67.39,1,27
-67.02,1,27
-66.74,1,27
-66.18,1,27
-65.73,1,27
-65,1,27
-64.21,1,27
-63.33,1,27
-62.53,1,27
-61.58,1,27
-60.24,1,26
-58.82,1,27
-56.78,1,27
-54,1,27
-49.83,1,27
-42.55,1,27
-25.98,1,27
-65,1,27
-66.13,1,27
-66.91,1,27.02
-67.36,1,27
-67.55,1,27
-67.69,1,27.01
-67.67,1,26.99
-67.3,1,27
-66.84,1,26.98
-66.31,1,27
-65.71,1,27
-65.04,1,27
-64.29,1,27
-63.64,1,27
-62.88,1,27
-61.78,1,27.02
-60.49,1,27
-58.94,1,27
-56.97,1,27
-54.3,1,26.99
-50.36,1,27
-43.59,1,27
-28.73,1,27
26.1,1,27
-65.83,0,24.5
-68.03,0,20.55
-71.54,0,19.47
-74.99,0,7.87
-81.96,0,2
-86.43,0,2
-87.43,0,2
-87.24,0,3
-87.22,0,2
-87.13,0,2
-87.06,0,3
-86.79,0,2
-86.45,0,3
-86.39,0,2
-86.38,0,2
-86.25,0,3
-85.98,0,2
-85.63,0,3
-85.58,0,2
-85.58,0,2
-85.18,0,3
-85.11,0,2
-84.83,0,2
-84.92,0,2
-84.83,0,2
-84.62,0,3
-84.4,0,2
-84.28,0,2
-84.02,0,3
-83.91,0,2
-83.62,0,3
-83.59,0,2
-83.61,0,2
-83.51,0,3
-83.34,0,2
-82.94,0,3
-82.88,0,2
-82.9,0,2
-82.81,0,3
-82.55,0,2
-82.22,0,3
-82.17,0,2
-82.11,0,2
-82.09,0,3
-81.86,0,2
-81.54,0,3
-81.5,0,2
-81.54,0,2
-81.46,0,3
-81.21,0,2
-80.88,0,3
-80.84,0,2
-80.79,0,2
-80.79,0,3
-80.57,0,1
-80.39,0,3
-80.26,0,2
-80.28,0,2
-80.21,0,3
-79.97,0,2
-79.64,0,3
-79.6,0,2
-79.55,0,2
-79.57,0,3
-79.35,0,2
-79.04,0,3
-79.11,0,2
-79.11,0,2
-79.04,0,3
-78.8,0,2
-78.48,0,3
-78.44,0,2
-78.39,0,2
-78.42,0,3
-78.22,0,2
-78.11,0,2
-78.12,0,2
-78.06,0,2
-77.97,0,3
-77.72,0,2
-77.39,0,3
-77.35,0,2
-77.31,0,2
-77.36,0,3
-77.17,0,2
-76.86,0,3
-76.83,0,2
-76.92,0,2
-76.9,0,3
-76.69,0,2
-76.37,0,3
-76.34,0,2
-76.1,0,3
-76.11,1,53.07
-57.31,1,136.58
-65,1,155.89
-65,1,86.41
-16.06,1,37.48
-64.12,1,28.15
-63.1,1,28.14
-62.84,1,27.02
-62.5,1,27
-62.21,1,27
-61.76,1,27
-60.72,1,28
-59.64,1,27
-58.24,1,27.01
-56.61,1,28
-54.13,1,27
-50.15,1,28
-43.54,1,26.99
-29.26,1,27
22.05,1,28
-65.92,1,27
-67.04,1,28
-67.77,1,27
-68.35,1,27
-68.41,1,28
-68.3,1,27
-68.07,1,27
-67.89,1,27
-67.59,1,27
-66.82,1,28
-66.23,1,27
-65.59,1,27
-65.06,1,28
-64.24,1,27
-63.14,1,27
-62.32,1,27
-61.34,1,27
-60.16,1,28
-58.49,1,27
-56.12,1,28
-53.05,1,27
-48.54,1,27
-40.06,1,28
-18.87,1,27
-65,1,27
-66.33,1,27
-67.27,1,27
-67.47,1,28
-67.64,1,27
-67.61,1,27
-67.76,1,28
-67.35,1,27
-66.68,1,28.01
-66.16,1,27
-65.58,1,27.02
-65.1,1,27.98
-64.33,1,27
-63.28,1,28
-62.31,1,26.99
-61.19,1,27
-60.05,1,27
-58.62,1,27
-56.33,1,28
-53.41,1,27
-48.88,1,27
-41,1,28
-21.7,1,27
-65,1,28
-66.16,1,27
-67.35,1,27
-67.93,1,28
-68.01,1,27
-67.72,1,28
-67.51,1,27
-67.19,1,27.01
-66.94,1,28
-66.4,1,27
-65.6,1,27.98
-64.96,1,27
-64.23,1,27
-63.59,1,27
-62.83,1,27
-61.53,1,28
-60.22,1,26
-58.83,1,27
-57.04,1,27
-54.61,1,26
-50.79,1,28
-44.36,1,27
-30.32,1,28
18.29,1,27
-65.93,1,27.02
-67.19,1,28
-67.64,1,27
-67.64,0,24.02
-70.03,0,19.08
-73.7,0,16.1
-77.08,0,3
-83.98,0,2
-86.43,0,1
-87.29,0,2
-87.23,0,2
-86.81,0,3
-86.74,0,2
-86.44,0,2
-86.52,0,3
-86.29,0,2
-86.04,0,3
-85.93,0,2
-85.63,0,2
-85.72,0,2
-85.62,0,2
